title,description,descriptionHTML,summary,summaryHTML,installs,minInstalls,score,ratings,reviews,histogram,price,free,currency,sale,saleTime,originalPrice,saleText,offersIAP,inAppProductPrice,size,androidVersion,androidVersionText,developer,developerId,developerEmail,developerWebsite,developerAddress,privacyPolicy,developerInternalID,genre,genreId,icon,headerImage,screenshots,video,videoImage,contentRating,contentRatingDescription,adSupported,containsAds,released,updated,version,recentChanges,recentChangesHTML,editorsChoice,appId,url
"Earning App: Daily Rewards, New Offers & Games","Frizza is a leading free money app that allows users to ğŸ’² earn cashğŸ’² and Paytm wallet money effortlessly. Simply install Frizza on your device and start completing easy tasks to earn Free Cash and transfer that to paytm money seamlessly. Earning money through this money making app is guaranteed. Numerous users have already earned money from Frizzaâ€¦ Want to know how ?

With this reward app, you can get instant cash rewards while playing games, watching exciting videos, installing other apps, and much more. So donâ€™t wait any longer, install Frizza and get going to earn money. Refer it to your friends to earn more cashğŸ˜». Transfer earned money to your Paytm wallet using the money-making app.

Feeling bored?ğŸ˜ Play Games, Watch Videos and Install Apps through the application while earning free cashğŸ™‡. Turn your Frizza wallet money into Paytm cash with ease. Earn Paytm cash for free recharge and bill payments.

Win money anytime, anywhere, simply by installing Frizza for free. We have the most reliable ğŸ’¯ rewards app with features that allow users to earn cash on the go. Earn up to rupees 500 ğŸ˜ with referrals. Frizza is the best money app for earning money online!!

Key features of this most reliable money making app:
Watch videosğŸ“º and earn money: Watch short videos online and earn free money on the move.
Discover new apps to installğŸ“² and earn money: Frizza pays you online free money to download applications.
Refer & Earn: Build your clan. Share Frizza with friends to get amazing free money rewards together. Share and earn free money with every new installation made via your referral code.
Play exciting games on the appğŸ‚ğŸ„ and earn.
Earn Paytm cash ğŸ’¸ : Transfer earned money directly to your Paytm wallet. You can use the amount in your Paytm wallet to pay bills, recharge phone, shop items, etc.  
Earn money just by logging into Frizza on a daily basis.

Extra cash is never a bad idea. Install to start making free money.Start earning free cash with every activity finished on the application. The option of frequent and easy transfer of Frizza balance to Paytm wallet has made Frizza an assured and sure-shot application for earning cash with ease. Start your money journey with Frizza.

With guaranteed cash rewards ğŸ’°and attractive referral schemes, Frizza allows all users to earn free cash by sharing your referral code with friends and earn free money every time someone installs the Frizza free money app with your referral code. 

Once the installation is complete ğŸ‘Œ and you have registered as a user, plenty of options to win money will appear on the screenğŸ“±.The free cash app allows user to earn cash in multiple ways. Our money-making tool has top-notch refer and earn policies with attractive cash rewards. So spread the word and earn free Paytm money now. You can share the app using Facebook, WhatsApp, text message, and other platforms. 

Download now and start making cash online. Frizza gives you a chance to earn cash daily. Earn cash just by logging into the application on a daily basis. This free money app gives you multiple opportunities to earn cash online on a regular basis. Making quick money online has never been easier. You can earn money and Paytm wallet cash with simple clicks. Install the app now to make cash with minimal efforts ğŸ’ƒ

FIND US ON ---- ğŸ”‰
FACEBOOK -https://www.facebook.com/frizza.recharge/
TWITTER -https://twitter.com/frizza12
PINTEREST -https://in.pinterest.com/frizzain/

CONTACT US â˜â€“ If you want to communicate any concerns or improvement, you can email us at below email address.
EMAIL SUPPORT â€“ support@frizza.in
We love your feedback ğŸ’“ğŸ’“

What are you waiting for â€¦ Install FRIZZA and start your earning journey.","Frizza is a leading free money app that allows users to ğŸ’² earn cashğŸ’² and Paytm wallet money effortlessly. Simply install Frizza on your device and start completing easy tasks to earn Free Cash and transfer that to paytm money seamlessly. Earning money through this money making app is guaranteed. Numerous users have already earned money from Frizzaâ€¦ Want to know how ?<br><br>With this reward app, you can get instant cash rewards while playing games, watching exciting videos, installing other apps, and much more. So donâ€™t wait any longer, install Frizza and get going to earn money. Refer it to your friends to earn more cashğŸ˜». Transfer earned money to your Paytm wallet using the money-making app.<br><br>Feeling bored?ğŸ˜ Play Games, Watch Videos and Install Apps through the application while earning free cashğŸ™‡. Turn your Frizza wallet money into Paytm cash with ease. Earn Paytm cash for free recharge and bill payments.<br><br>Win money anytime, anywhere, simply by installing Frizza for free. We have the most reliable ğŸ’¯ rewards app with features that allow users to earn cash on the go. Earn up to rupees 500 ğŸ˜ with referrals. Frizza is the best money app for earning money online!!<br><br>Key features of this most reliable money making app:<br>Watch videosğŸ“º and earn money: Watch short videos online and earn free money on the move.<br>Discover new apps to installğŸ“² and earn money: Frizza pays you online free money to download applications.<br>Refer &amp; Earn: Build your clan. Share Frizza with friends to get amazing free money rewards together. Share and earn free money with every new installation made via your referral code.<br>Play exciting games on the appğŸ‚ğŸ„ and earn.<br>Earn Paytm cash ğŸ’¸ : Transfer earned money directly to your Paytm wallet. You can use the amount in your Paytm wallet to pay bills, recharge phone, shop items, etc.  <br>Earn money just by logging into Frizza on a daily basis.<br><br>Extra cash is never a bad idea. Install to start making free money.Start earning free cash with every activity finished on the application. The option of frequent and easy transfer of Frizza balance to Paytm wallet has made Frizza an assured and sure-shot application for earning cash with ease. Start your money journey with Frizza.<br><br>With guaranteed cash rewards ğŸ’°and attractive referral schemes, Frizza allows all users to earn free cash by sharing your referral code with friends and earn free money every time someone installs the Frizza free money app with your referral code. <br><br>Once the installation is complete ğŸ‘Œ and you have registered as a user, plenty of options to win money will appear on the screenğŸ“±.The free cash app allows user to earn cash in multiple ways. Our money-making tool has top-notch refer and earn policies with attractive cash rewards. So spread the word and earn free Paytm money now. You can share the app using Facebook, WhatsApp, text message, and other platforms. <br><br>Download now and start making cash online. Frizza gives you a chance to earn cash daily. Earn cash just by logging into the application on a daily basis. This free money app gives you multiple opportunities to earn cash online on a regular basis. Making quick money online has never been easier. You can earn money and Paytm wallet cash with simple clicks. Install the app now to make cash with minimal efforts ğŸ’ƒ<br><br>FIND US ON ---- ğŸ”‰<br>FACEBOOK -https://www.facebook.com/frizza.recharge/<br>TWITTER -https://twitter.com/frizza12<br>PINTEREST -https://in.pinterest.com/frizzain/<br><br>CONTACT US â˜â€“ If you want to communicate any concerns or improvement, you can email us at below email address.<br>EMAIL SUPPORT â€“ support@frizza.in<br>We love your feedback ğŸ’“ğŸ’“<br><br>What are you waiting for â€¦ Install FRIZZA and start your earning journey.",Discover & Redeem New Offers,Discover &amp; Redeem New Offers,"5,000,000+",5000000,4.1806808,39586,21578,"[5706, 861, 1565, 3893, 27561]",0,True,USD,False,,,,False,,14M,4.1,4.1 and up,FRIZZA,FRIZZA,support@frizza.in,http://frizza.in/,"Netaji Subhash Place, New Delhi, Delhi, 110034",http://frizza.in/privacy.html,5263536958811605009,Entertainment,ENTERTAINMENT,https://play-lh.googleusercontent.com/33h1pmBOSgIqGLfBA8JFD90BUclTJMxetOKiO5dLB6fmNqPMco9zKNlyF-WzspxCOOIF,https://play-lh.googleusercontent.com/IX7VOLJvElvlIgjjMv9Zxc0h1i3foK_LujKdyBXC7hIBjgEri21IlRSlCQvYXZnpcw,"['https://play-lh.googleusercontent.com/9C6YB3NtMmnrDmI23TKQlpb8E8xcK3JPc2xw-8vRzlLFWqUDN96ldqAzl1EGWVI8BEo', 'https://play-lh.googleusercontent.com/yxORCYTnPcnOgyYOcv8D26CA3i7Pw1bR10iXh6EcK7BhyIo68SJl7wVhpAIPeRxjMa5S', 'https://play-lh.googleusercontent.com/Cl2MHaf-rRDcJTEADKt6N5G02J5OOHmxH9ZxNtMkfddNnK4qN6iknFz2WVD63CWJDdA', 'https://play-lh.googleusercontent.com/A6FQLp6DdIr5LUBMT_hzI49luLrPCbS6eESwMYZLifKh1AJTsrYkAqYr9Ls4BTbDTMSz', 'https://play-lh.googleusercontent.com/vF81DtUr11PzaxcmzoEYrca2p0fKewIJbRmcXguOmB0tEvYa2fRObHjydpPAbBRXog', 'https://play-lh.googleusercontent.com/xmd0fct7-Q2aCtwiR4hZFCpejjI46Rg21ikQeMBmHwKIHqTObBV5FBadW86JvrAWlw', 'https://play-lh.googleusercontent.com/1EYRHRfZhy697tk4o98HG02PebWkvpjwdDTPemgcO6u0qqN5fTEOA5WqLt9NWXuTmBs', 'https://play-lh.googleusercontent.com/kbEpaww7q2gzbWVbit3LbUEEnZNTmzcd6hq0JTZOu0u4yw_JcNIM5ecIRTAl17-l_Q']",https://www.youtube.com/embed/npzhihpxTU8?ps=play&vq=large&rel=0&autohide=1&showinfo=0,https://i.ytimg.com/vi/npzhihpxTU8/hqdefault.jpg,Everyone,,True,True,,1607405377,9.3,,,False,com.rocketcharge,https://play.google.com/store/apps/details?id=com.rocketcharge&hl=en_IN&gl=us
